<TRIAL ID="18">
    <CONTEXT ID="room-1" TARGET="b1">
        <ATTRIBUTE-SET>
            <ATTRIBUTE NAME="type" VALUE="button"/>
            <ATTRIBUTE NAME="others" VALUE="green"/>
            <ATTRIBUTE NAME="next" VALUE="p2"/>
            <ATTRIBUTE NAME="landmark-type" VALUE="painting"/>
        </ATTRIBUTE-SET>
    </CONTEXT>
<CONTEXT ID="room-3" TARGET="b10">
        <ATTRIBUTE-SET>
            <ATTRIBUTE NAME="type" VALUE="button"/>
            <ATTRIBUTE NAME="next" VALUE="PLAYER"/>
            <ATTRIBUTE NAME="landmark-type" VALUE="player"/>
        </ATTRIBUTE-SET>
    </CONTEXT>
<CONTEXT ID="room-5" TARGET="b16">
        <ATTRIBUTE-SET>
            <ATTRIBUTE NAME="type" VALUE="button"/>
            <ATTRIBUTE NAME="others" VALUE="blue"/>
        </ATTRIBUTE-SET>
    </CONTEXT>
<CONTEXT ID="room-2" TARGET="b5">
        <ATTRIBUTE-SET>
            <ATTRIBUTE NAME="type" VALUE="button"/>
            <ATTRIBUTE NAME="others" VALUE="red"/>
            <ATTRIBUTE NAME="next" VALUE="chair1"/>
            <ATTRIBUTE NAME="landmark-type" VALUE="chair"/>
        </ATTRIBUTE-SET>
    </CONTEXT>
<CONTEXT ID="room-1" TARGET="b4">
        <ATTRIBUTE-SET>
            <ATTRIBUTE NAME="type" VALUE="button"/>
            <ATTRIBUTE NAME="others" VALUE="green"/>
            <ATTRIBUTE NAME="left" VALUE="PLAYER"/>
            <ATTRIBUTE NAME="landmark-type" VALUE="player"/>
        </ATTRIBUTE-SET>
    </CONTEXT>
<CONTEXT ID="room-5" TARGET="b12">
        <ATTRIBUTE-SET>
            <ATTRIBUTE NAME="type" VALUE="button"/>
            <ATTRIBUTE NAME="others" VALUE="red"/>
        </ATTRIBUTE-SET>
    </CONTEXT>
<CONTEXT ID="room-4" TARGET="b15">
        <ATTRIBUTE-SET>
            <ATTRIBUTE NAME="type" VALUE="button"/>
            <ATTRIBUTE NAME="others" VALUE="green"/>
        </ATTRIBUTE-SET>
    </CONTEXT>
<CONTEXT ID="room-2" TARGET="b5">
        <ATTRIBUTE-SET>
            <ATTRIBUTE NAME="type" VALUE="button"/>
            <ATTRIBUTE NAME="others" VALUE="red"/>
            <ATTRIBUTE NAME="next" VALUE="chair1"/>
            <ATTRIBUTE NAME="landmark-type" VALUE="chair"/>
        </ATTRIBUTE-SET>
    </CONTEXT>
<CONTEXT ID="room-4" TARGET="b15">
        <ATTRIBUTE-SET>
            <ATTRIBUTE NAME="type" VALUE="button"/>
            <ATTRIBUTE NAME="others" VALUE="green"/>
        </ATTRIBUTE-SET>
    </CONTEXT>
</TRIAL>
