<TRIAL ID="9">
    <CONTEXT ID="room-2" TARGET="b6">
        <ATTRIBUTE-SET>
            <ATTRIBUTE NAME="type" VALUE="button"/>
            <ATTRIBUTE NAME="others" VALUE="blue"/>
            <ATTRIBUTE NAME="next" VALUE="b7"/>
            <ATTRIBUTE NAME="landmark-type" VALUE="button"/>
            <ATTRIBUTE NAME="landmark-others" VALUE="green"/>
        </ATTRIBUTE-SET>
    </CONTEXT>
<CONTEXT ID="room-5" TARGET="b5">
        <ATTRIBUTE-SET>
            <ATTRIBUTE NAME="type" VALUE="button"/>
            <ATTRIBUTE NAME="others" VALUE="blue"/>
        </ATTRIBUTE-SET>
    </CONTEXT>
<CONTEXT ID="room-1" TARGET="b3">
        <ATTRIBUTE-SET>
            <ATTRIBUTE NAME="type" VALUE="button"/>
            <ATTRIBUTE NAME="others" VALUE="yellow"/>
        </ATTRIBUTE-SET>
    </CONTEXT>
<CONTEXT ID="room-1" TARGET="b10">
        <ATTRIBUTE-SET>
            <ATTRIBUTE NAME="type" VALUE="button"/>
            <ATTRIBUTE NAME="others" VALUE="blue"/>
        </ATTRIBUTE-SET>
    </CONTEXT>
<CONTEXT ID="room-5" TARGET="b5">
        <ATTRIBUTE-SET>
            <ATTRIBUTE NAME="type" VALUE="button"/>
            <ATTRIBUTE NAME="others" VALUE="blue"/>
        </ATTRIBUTE-SET>
    </CONTEXT>
<CONTEXT ID="room-4" TARGET="b19">
        <ATTRIBUTE-SET>
            <ATTRIBUTE NAME="type" VALUE="button"/>
            <ATTRIBUTE NAME="next" VALUE="couch1"/>
            <ATTRIBUTE NAME="landmark-type" VALUE="couch"/>
        </ATTRIBUTE-SET>
    </CONTEXT>
<CONTEXT ID="room-7" TARGET="b18">
        <ATTRIBUTE-SET>
            <ATTRIBUTE NAME="type" VALUE="button"/>
            <ATTRIBUTE NAME="left" VALUE="b17"/>
            <ATTRIBUTE NAME="landmark-type" VALUE="button"/>
            <ATTRIBUTE NAME="next" VALUE="lamp1"/>
            <ATTRIBUTE NAME="landmark-type" VALUE="lamp"/>
        </ATTRIBUTE-SET>
    </CONTEXT>
<CONTEXT ID="room-6" TARGET="b20">
        <ATTRIBUTE-SET>
            <ATTRIBUTE NAME="type" VALUE="button"/>
            <ATTRIBUTE NAME="right" VALUE="PLAYER"/>
            <ATTRIBUTE NAME="landmark-type" VALUE="player"/>
        </ATTRIBUTE-SET>
    </CONTEXT>
</TRIAL>
