<TRIAL ID="36">
    <CONTEXT ID="room-1" TARGET="b2">
        <ATTRIBUTE-SET>
            <ATTRIBUTE NAME="type" VALUE="button"/>
            <ATTRIBUTE NAME="others" VALUE="green"/>
        </ATTRIBUTE-SET>
    </CONTEXT>
<CONTEXT ID="room-3" TARGET="b6">
        <ATTRIBUTE-SET>
            <ATTRIBUTE NAME="type" VALUE="button"/>
            <ATTRIBUTE NAME="others" VALUE="green"/>
        </ATTRIBUTE-SET>
    </CONTEXT>
<CONTEXT ID="room-7" TARGET="b10">
        <ATTRIBUTE-SET>
            <ATTRIBUTE NAME="type" VALUE="button"/>
            <ATTRIBUTE NAME="others" VALUE="yellow"/>
        </ATTRIBUTE-SET>
    </CONTEXT>
<CONTEXT ID="room-7" TARGET="b12">
        <ATTRIBUTE-SET>
            <ATTRIBUTE NAME="type" VALUE="button"/>
            <ATTRIBUTE NAME="others" VALUE="red"/>
        </ATTRIBUTE-SET>
    </CONTEXT>
<CONTEXT ID="room-5" TARGET="b18">
        <ATTRIBUTE-SET>
            <ATTRIBUTE NAME="type" VALUE="button"/>
            <ATTRIBUTE NAME="others" VALUE="green"/>
        </ATTRIBUTE-SET>
    </CONTEXT>
<CONTEXT ID="room-7" TARGET="b10">
        <ATTRIBUTE-SET>
            <ATTRIBUTE NAME="type" VALUE="button"/>
            <ATTRIBUTE NAME="others" VALUE="yellow"/>
        </ATTRIBUTE-SET>
    </CONTEXT>
<CONTEXT ID="room-6" TARGET="b14">
        <ATTRIBUTE-SET>
            <ATTRIBUTE NAME="type" VALUE="button"/>
            <ATTRIBUTE NAME="others" VALUE="red"/>
        </ATTRIBUTE-SET>
    </CONTEXT>
<CONTEXT ID="room-2" TARGET="b5">
        <ATTRIBUTE-SET>
            <ATTRIBUTE NAME="type" VALUE="button"/>
            <ATTRIBUTE NAME="others" VALUE="blue"/>
        </ATTRIBUTE-SET>
    </CONTEXT>
</TRIAL>
